{
  "pipeline": "Simplified Bypass Pipeline with CAPE Validation",
  "timestamp": "2025-12-13T13:42:24.424422",
  "llm_type": "ollama",
  "binary_path": "/home/cape/Downloads/malware_samples/matched_exe/a2c50ac3239268bee63365cd08e8b27373f35a23b115aac488c99ccff6cc6fbc.exe",
  "multi_vm_enabled": true,
  "evolving_enabled": true,
  "max_iterations": 3,
  "min_signature_improvement": 1,
  "pe2_enabled": false,
  "retry_on_error": true,
  "max_retries": 3,
  "use_retry_feedback": true,
  "vm_configs": [
    {
      "name": "cape_vm1",
      "host": "192.168.197.146"
    },
    {
      "name": "cape_vm2",
      "host": "192.168.197.147"
    },
    {
      "name": "cape_vm3",
      "host": "192.168.197.148"
    },
    {
      "name": "cape_vm4",
      "host": "192.168.197.141"
    }
  ],
  "samples_processed": [],
  "evaluations": {},
  "yara_rules_generated": [],
  "baseline_result": {
    "task_id": "935",
    "signature_names": [
      "antianalysis_tls_section",
      "packer_unknown_pe_section_name",
      "static_pe_anomaly"
    ],
    "signature_count": 3
  },
  "cape_validations": [],
  "successful_bypasses": [],
  "comparison": {},
  "evolution_states": {
    "v0": {
      "iterations": 3,
      "best_score": 0,
      "success": false,
      "vm_host": "192.168.197.146"
    },
    "v2": {
      "iterations": 3,
      "best_score": 0,
      "success": false,
      "vm_host": "192.168.197.148"
    },
    "v1": {
      "iterations": 3,
      "best_score": 0,
      "success": false,
      "vm_host": "192.168.197.147"
    },
    "v3": {
      "iterations": 3,
      "best_score": 0,
      "success": false,
      "vm_host": "192.168.197.141"
    }
  },
  "pe2_evolution": {},
  "retry_summaries": {}
}