{
  "sha256": "b10884a495070c2f9ee183bbbb6d1b8f7351fc75d094f4bb212c38c859a6e867",
  "prompt_version": "v1",
  "iterations": [
    {
      "iteration": 0,
      "prompt_version": "v1",
      "yara_rule": "",
      "pattern_type": "UNKNOWN",
      "confidence": 50,
      "opcodes": "",
      "task_id": null,
      "status": "error",
      "rule_hit": false,
      "baseline_signatures": 0,
      "new_signatures": 0,
      "new_signature_names": [],
      "new_signature_details": [],
      "failure_reason": "Failed to generate YARA rule",
      "improvement_suggestions": [],
      "debugger_log": null,
      "raw_response": "85DB 741B 90  \n85C0 750E 53  \n83C404 FF15 ?? ?? ?? ??",
      "yara_file": null
    },
    {
      "iteration": 1,
      "prompt_version": "v1",
      "yara_rule": "",
      "pattern_type": "UNKNOWN",
      "confidence": 50,
      "opcodes": "",
      "task_id": null,
      "status": "error",
      "rule_hit": false,
      "baseline_signatures": 0,
      "new_signatures": 0,
      "new_signature_names": [],
      "new_signature_details": [],
      "failure_reason": "Failed to generate YARA rule",
      "improvement_suggestions": [],
      "debugger_log": null,
      "raw_response": "```json\n{\n  \"pattern0\": \"83 C4 04 85 DB 74 1B\",\n  \"pattern1\": \"FF 15 ?? ?? ?? ??\",\n  \"pattern2\": \"8B FC F3 A5 FFD0\",\n  \"cape_options\": \"cape_options: { 'pattern0': 'pattern0', 'pattern1': 'pattern1', 'pattern2': 'pattern2' }\"\n}\n```",
      "yara_file": null
    },
    {
      "iteration": 2,
      "prompt_version": "v1",
      "yara_rule": "",
      "pattern_type": "UNKNOWN",
      "confidence": 50,
      "opcodes": "",
      "task_id": null,
      "status": "error",
      "rule_hit": false,
      "baseline_signatures": 0,
      "new_signatures": 0,
      "new_signature_names": [],
      "new_signature_details": [],
      "failure_reason": "Failed to generate YARA rule",
      "improvement_suggestions": [],
      "debugger_log": null,
      "raw_response": "```json\n{\n  \"pattern0\": \"83 C4 04 85 DB 74 ??\",\n  \"pattern1\": \"FF 15 ?? ?? ?? ??\",\n  \"pattern2\": \"85 C0 75 0E\",\n  \"cape_options\": \"cape_options: {\\\"cape0\\\": \\\"$pattern0\\\", \\\"cape1\\\": \\\"$pattern1\\\", \\\"cape2\\\": \\\"$pattern2\\\"}\"\n}\n```",
      "yara_file": null
    }
  ],
  "best_attempt": null,
  "best_score": 0,
  "optimization_history": [],
  "successful_patterns": [],
  "failed_patterns": []
}