{
  "pipeline": "Simplified Bypass Pipeline with CAPE Validation",
  "timestamp": "2025-12-13T17:45:35.406343",
  "llm_type": "ollama",
  "binary_path": "/home/cape/Downloads/malware_samples/matched_exe/88cfd1e05f0460b74f8c08d9bfb7e65c0e1dd44a2b45d03ec1c5813986889e42.exe",
  "multi_vm_enabled": true,
  "evolving_enabled": true,
  "max_iterations": 3,
  "min_signature_improvement": 1,
  "pe2_enabled": false,
  "retry_on_error": true,
  "max_retries": 3,
  "use_retry_feedback": true,
  "vm_configs": [
    {
      "name": "cape_vm1",
      "host": "192.168.52.147"
    },
    {
      "name": "cape_vm2",
      "host": "192.168.52.148"
    },
    {
      "name": "cape_vm3",
      "host": "192.168.52.144"
    },
    {
      "name": "cape_vm4",
      "host": "192.168.52.145"
    }
  ],
  "samples_processed": [],
  "evaluations": {},
  "yara_rules_generated": [],
  "baseline_result": {
    "task_id": "1416",
    "signature_names": [
      "antivm_checks_available_memory",
      "dead_connect",
      "static_pe_pdbpath",
      "antidebug_setunhandledexceptionfilter",
      "language_check_registry",
      "antidebug_guardpages",
      "createtoolhelp32snapshot_module_enumeration",
      "packer_entropy",
      "dropper",
      "injection_rwx",
      "persistence_autorun",
      "procmem_yara",
      "deletes_executed_files"
    ],
    "signature_count": 13
  },
  "cape_validations": [],
  "successful_bypasses": [],
  "comparison": {},
  "evolution_states": {
    "v2": {
      "iterations": 3,
      "best_score": 0,
      "success": false,
      "vm_host": "192.168.52.144"
    },
    "v1": {
      "iterations": 3,
      "best_score": 0,
      "success": false,
      "vm_host": "192.168.52.148"
    },
    "v0": {
      "iterations": 3,
      "best_score": 0,
      "success": false,
      "vm_host": "192.168.52.147"
    },
    "v3": {
      "iterations": 3,
      "best_score": 0,
      "success": false,
      "vm_host": "192.168.52.145"
    }
  },
  "pe2_evolution": {},
  "retry_summaries": {}
}