{
  "pipeline": "Simplified Bypass Pipeline with CAPE Validation",
  "timestamp": "2025-12-11T17:48:43.096707",
  "llm_type": "ollama",
  "binary_path": "D:\\AisaCCS2026\\executable_files\\a9769bf93b6c0c650c4c17416af195bf47bc3a0451585e25d20ad826aa1a7304.exe",
  "multi_vm_enabled": true,
  "evolving_enabled": true,
  "max_iterations": 3,
  "min_signature_improvement": 1,
  "pe2_enabled": false,
  "retry_on_error": true,
  "max_retries": 3,
  "use_retry_feedback": true,
  "vm_configs": [
    {
      "name": "cape_vm1",
      "host": "192.168.197.146"
    },
    {
      "name": "cape_vm2",
      "host": "192.168.197.147"
    },
    {
      "name": "cape_vm3",
      "host": "192.168.197.148"
    },
    {
      "name": "cape_vm4",
      "host": "192.168.197.141"
    }
  ],
  "samples_processed": [],
  "evaluations": {},
  "yara_rules_generated": [],
  "baseline_result": {
    "task_id": "801",
    "signature_names": [
      "antivm_checks_available_memory",
      "queries_computer_name",
      "queries_user_name",
      "dead_connect",
      "dynamic_function_loading",
      "queries_keyboard_layout",
      "queries_locale_api",
      "static_pe_pdbpath",
      "antidebug_setunhandledexceptionfilter",
      "exec_crash",
      "stealth_timeout",
      "language_check_registry",
      "antidebug_guardpages",
      "antisandbox_sleep",
      "http_request",
      "resumethread_remote_process",
      "injection_write_process",
      "createtoolhelp32snapshot_module_enumeration",
      "stealth_window",
      "terminates_remote_process",
      "packer_entropy",
      "dropper",
      "injection_rwx",
      "uses_windows_utilities",
      "uses_windows_utilities_to_create_scheduled_task",
      "antiav_servicestop",
      "antisandbox_unhook",
      "antivm_generic_system",
      "infostealer_cookies",
      "persistence_autorun",
      "persistence_autorun_tasks",
      "recon_beacon",
      "procmem_yara",
      "antiav_detectfile",
      "enumerates_physical_drives",
      "physical_drive_access",
      "cmdline_obfuscation",
      "deletes_executed_files",
      "disables_windowsupdate",
      "suspicious_command_tools"
    ],
    "signature_count": 40
  },
  "cape_validations": [],
  "successful_bypasses": [],
  "comparison": {},
  "evolution_states": {
    "v0": {
      "iterations": 3,
      "best_score": 0,
      "success": false,
      "vm_host": "192.168.197.146"
    },
    "v1": {
      "iterations": 3,
      "best_score": 0,
      "success": false,
      "vm_host": "192.168.197.147"
    },
    "v3": {
      "iterations": 3,
      "best_score": 0,
      "success": false,
      "vm_host": "192.168.197.141"
    },
    "v2": {
      "iterations": 3,
      "best_score": 0,
      "success": false,
      "vm_host": "192.168.197.148"
    }
  },
  "pe2_evolution": {},
  "retry_summaries": {}
}