{
  "pipeline": "Simplified Bypass Pipeline with CAPE Validation",
  "timestamp": "2025-12-13T19:03:51.576963",
  "llm_type": "ollama",
  "binary_path": "/home/cape/Downloads/malware_samples/matched_exe/8cd1795a98c9fc8a17715b7c07b1658d62105370af020682ca38eb1665df2d7d.exe",
  "multi_vm_enabled": true,
  "evolving_enabled": true,
  "max_iterations": 3,
  "min_signature_improvement": 1,
  "pe2_enabled": false,
  "retry_on_error": true,
  "max_retries": 3,
  "use_retry_feedback": true,
  "vm_configs": [
    {
      "name": "cape_vm1",
      "host": "192.168.52.147"
    },
    {
      "name": "cape_vm2",
      "host": "192.168.52.148"
    },
    {
      "name": "cape_vm3",
      "host": "192.168.52.144"
    },
    {
      "name": "cape_vm4",
      "host": "192.168.52.145"
    }
  ],
  "samples_processed": [],
  "evaluations": {},
  "yara_rules_generated": [],
  "baseline_result": {
    "task_id": "1425",
    "signature_names": [
      "antivm_checks_available_memory",
      "queries_computer_name",
      "queries_user_name",
      "dead_connect",
      "queries_keyboard_layout",
      "queries_locale_api",
      "static_pe_pdbpath",
      "antidebug_setunhandledexceptionfilter",
      "stealth_timeout",
      "language_check_registry",
      "http_request",
      "resumethread_remote_process",
      "stealth_window",
      "terminates_remote_process",
      "packer_entropy",
      "injection_rwx",
      "uses_windows_utilities",
      "uses_windows_utilities_to_create_scheduled_task",
      "antisandbox_sleep",
      "antivm_generic_system",
      "infostealer_cookies",
      "persistence_autorun",
      "persistence_autorun_tasks",
      "recon_beacon",
      "procmem_yara",
      "antiav_detectfile",
      "suspicious_command_tools"
    ],
    "signature_count": 27
  },
  "cape_validations": [],
  "successful_bypasses": [],
  "comparison": {},
  "evolution_states": {
    "v1": {
      "iterations": 0,
      "best_score": 0,
      "success": false,
      "error": "'charmap' codec can't encode character '\\u2192' in position 293: character maps to <undefined>",
      "vm_host": "192.168.52.148"
    },
    "v3": {
      "iterations": 3,
      "best_score": 0,
      "success": false,
      "vm_host": "192.168.52.145"
    },
    "v2": {
      "iterations": 3,
      "best_score": 0,
      "success": false,
      "vm_host": "192.168.52.144"
    },
    "v0": {
      "iterations": 3,
      "best_score": 0,
      "success": false,
      "vm_host": "192.168.52.147"
    }
  },
  "pe2_evolution": {},
  "retry_summaries": {}
}