{
  "sha256": "a2eaa3485a9efff93e652cb5e3fef2bddaa1e631d2abc258a66f3d3b7f09f3de",
  "prompt_version": "v2",
  "iterations": [
    {
      "iteration": 0,
      "prompt_version": "v2",
      "yara_rule": "",
      "pattern_type": "UNKNOWN",
      "confidence": 50,
      "opcodes": "",
      "task_id": null,
      "status": "error",
      "rule_hit": false,
      "baseline_signatures": 0,
      "new_signatures": 0,
      "new_signature_names": [],
      "new_signature_details": [],
      "failure_reason": "Failed to generate YARA rule",
      "improvement_suggestions": [],
      "debugger_log": null,
      "raw_response": "Here are three distinct patterns that capture the critical elements of the code flow, including the exit point via a call and the potential evasion check via a jump:\n\n---\n\n### **Pattern 1: Two Pushes and the Call**\n**Hex:**  \n`6A 00 6A 00 E8 ?? ?? ?? ??`  \n**Description:**  \nThis sequence represents two consecutive `push 0` instructions followed by a call to `ExitProcess`. The `push` operations may be part of a setup for the exit, and the call itself is the direct exit point. The four `??` bytes represent the offset to the `ExitProcess` function, which is an address and thus masked.\n\n---\n\n### **Pattern 2: Call and Jump**\n**Hex:**  \n`E8 ?? ?? ?? ?? FF 25 ?? ?? ?? ??`  \n**Description:**  \nThis pattern combines the call to `ExitProcess` with the subsequent `jmp` instruction. The `jmp` is likely a jump to a location that may be used for evasion (e.g., jumping to a shellcode or a return address). The `??` placeholders represent the offset and the destination address of the jump.\n\n---\n\n### **Pattern 3: Jump Instruction**\n**Hex:**  \n`FF 25 ?? ?? ?? ??`  \n**Description:**  \nThis is the standalone `jmp` instruction, which is likely used to bypass execution checks or redirect to a different part of the code. The four `??` bytes represent the address of the target location.\n\n---\n\n### **Summary**\nThese patterns highlight the critical points in the code flow:\n- **Pattern 1** identifies the setup for the exit and the direct call to `ExitProcess`.\n- **Pattern 2** connects the exit point with the potential evasion mechanism.\n- **Pattern 3** isolates the jump instruction, which may be part of a more complex evasion strategy.\n\nEach pattern is within the required 6–20 byte range and can be used for detection or analysis of such code flows.",
      "yara_file": null
    },
    {
      "iteration": 1,
      "prompt_version": "v2",
      "yara_rule": "",
      "pattern_type": "UNKNOWN",
      "confidence": 50,
      "opcodes": "",
      "task_id": null,
      "status": "error",
      "rule_hit": false,
      "baseline_signatures": 0,
      "new_signatures": 0,
      "new_signature_names": [],
      "new_signature_details": [],
      "failure_reason": "Failed to generate YARA rule",
      "improvement_suggestions": [],
      "debugger_log": null,
      "raw_response": "To construct the required three patterns from the provided instruction sequence, we focus on the specific opcodes and their surrounding context. Each pattern must be between **6 and 20 bytes** in length. Here's the breakdown:\n\n---\n\n### **Pattern 0: Push followed by Call**\n- **Opcode**: `6A 00 E8 ?? ?? ?? ??`\n- **Explanation**: This pattern captures the `push` instruction (`6A 00`) followed by the `call` instruction (`E8` with a variable offset). This is a common sequence in function calls and can be used to identify code flow or entry points.\n\n---\n\n### **Pattern 1: Jump Instruction**\n- **Opcode**: `FF 25 ?? ?? ?? ??`\n- **Explanation**: This pattern represents a `jmp` instruction (`FF 25`), which is used for unconditional jumps. The `?? ?? ?? ??` placeholders represent the variable address of the target location.\n\n---\n\n### **Pattern 2: Call Instruction**\n- **Opcode**: `E8 ?? ?? ?? ??`\n- **Explanation**: This is the standard `call` instruction format (`E8` followed by a 4-byte displacement). It is widely used in function calls and is a core part of control flow in programs.\n\n---\n\n### ✅ Final Answer:\n```plaintext\nPattern 0: 6A 00 E8 ?? ?? ?? ??\nPattern 1: FF 25 ?? ?? ?? ??\nPattern 2: E8 ?? ?? ?? ??\n```\n\nEach of these patterns is within the specified byte range and represents a meaningful instruction or sequence in assembly code.",
      "yara_file": null
    },
    {
      "iteration": 2,
      "prompt_version": "v2",
      "yara_rule": "",
      "pattern_type": "UNKNOWN",
      "confidence": 50,
      "opcodes": "",
      "task_id": null,
      "status": "error",
      "rule_hit": false,
      "baseline_signatures": 0,
      "new_signatures": 0,
      "new_signature_names": [],
      "new_signature_details": [],
      "failure_reason": "Failed to generate YARA rule",
      "improvement_suggestions": [],
      "debugger_log": null,
      "raw_response": "Here are three distinct patterns extracted from the provided instruction sequence, each representing a unique part of the code flow:\n\n1. **Push Instructions and Call Offset**  \n   `6A 00 6A 00 E8 ?? ?? ?? ??`  \n   - This pattern captures the two consecutive `PUSH 0` operations followed by the `CALL` instruction. The `??` wildcards account for variability in the call target offset.\n\n2. **Jump Instruction with Address**  \n   `FF 25 ?? ?? ?? ??`  \n   - This pattern represents the `JMP` instruction, with wildcards for the 32-bit address operand, allowing flexibility for different jump targets.\n\n3. **Call Instruction with Offset**  \n   `E8 ?? ?? ?? ??`  \n   - This pattern isolates the `CALL` instruction itself, with wildcards for the 32-bit relative offset to the target address.\n\nThese patterns collectively identify the sequence of operations (pushing zeros, calling a function, and jumping to another location), which may be indicative of specific behavior (e.g., function prologues or control flow manipulation).",
      "yara_file": null
    }
  ],
  "best_attempt": null,
  "best_score": 0,
  "optimization_history": [],
  "successful_patterns": [],
  "failed_patterns": []
}