{
  "sha256": "91a94cfcd6fab10920d82645ae166fdd029e651a26bd9cd9036e39ea5afab89b",
  "prompt_version": "v0",
  "iterations": [
    {
      "iteration": 0,
      "prompt_version": "v0",
      "yara_rule": "",
      "pattern_type": "UNKNOWN",
      "confidence": 50,
      "opcodes": "",
      "task_id": null,
      "status": "error",
      "rule_hit": false,
      "baseline_signatures": 0,
      "new_signatures": 0,
      "new_signature_names": [],
      "new_signature_details": [],
      "failure_reason": "Failed to generate YARA rule",
      "improvement_suggestions": [],
      "debugger_log": null,
      "raw_response": "x<think>\nOkay, let's tackle this YARA rule creation. The user provided a malware trace that exits early due to evasion. The task is to generate three different patterns from the given trace data, each between 6-20 bytes, using wildcards where necessary.\n\nFirst, I need to look at the trace data. The key part is the call to ExitProcess. Let me look at the instructions around that call. The call is at address 0040E7F6, which is the instruction E8C8FFFFFF. This is a CALL instruction with an offset. The offset here is C8FFFFFF, which is a relative address. Since the call is to ExitProcess, which is an imported function, the exact address might vary, so I need to use wildcards for the offset bytes.\n\nLooking at the surrounding instructions. Let's see:\n\nThe line before the call is 0040E7F0 55 (push ebp), then 8BEC (mov ebp, esp), then FF7508 (push dword [ebp+08h]), then the call at 0040E7F6. The next instruction after the call is 59 (pop ecx), then FF7508 again, and then the call to ExitProcess.\n\nSo for the first pattern, maybe take the call instruction and some surrounding context. Let's take the push ebp, mov ebp, esp, and then the push dword [ebp+08h], then the call. Wait, the call is at 0040E7F6. Let me check the addresses again.\n\nThe instructions are:\n\n0040E7EE: 8BFF (mov edi, edi)\n0040E7F0: 55 (push ebp)\n0040E7F1: 8BEC (mov ebp, esp)\n0040E7F3: FF7508 (push dword [ebp+08h])\n0040E7F6: E8C8FFFFFF (call to 0040E7C3)\n0040E7FB: 59 (pop ecx)\n0040E7FC: FF7508 (push dword [ebp+08h])\n0040E7FF: FF15ACB04100 (call to 0041B0AC)\n\nSo the call to ExitProcess is at 0040E7FF. The instruction before that is FF7508 (push dword [ebp+08h]), and the call is FF15ACB04100. The offset here is ACB04100, which is a 4-byte displacement. So the call instruction is FF 15 followed by the displacement. Since the exact address might vary, the displacement bytes should be replaced with ??.\n\nSo for the first pattern, maybe take the push ebp, mov ebp, esp, then the push dword [ebp+08h], then the call. Let me see:\n\nThe instructions from 0040E7F0 to 0040E7F6 are:\n\n55 (push ebp)\n8BEC (mov ebp, esp)\nFF7508 (push dword [ebp+08h])\nE8C8FFFFFF (call)\n\nBut the call is at 0040E7F6. So combining these four instructions would give a pattern of 55 8BEC FF7508 E8C8FFFFFF. Wait, but the E8 is a CALL instruction, and the next four bytes are the offset. However, the E8 instruction is 1 byte, and the offset is 4 bytes. So the call instruction is E8 followed by four bytes. So the call instruction's opcode is E8, and the offset is four bytes. So for the pattern, the E8 is concrete, but the offset bytes are ??.\n\nSo the first pattern could be the push ebp (55), mov ebp, esp (8BEC), push dword [ebp+08h] (FF7508), and the call (E8 C8 FFFF FF). Wait, but the call is E8 followed by four bytes. So the call instruction is 5 bytes (E8 + 4 bytes). But the pattern needs to be 6-20 bytes. Let me see. If I take the previous three instructions (55, 8BEC, FF7508) and then the call instruction (E8 C8 FFFF FF), that would be 1+3+4= 8 bytes? Wait, no. Let me count:\n\nEach instruction's bytes:\n\n55 is 1 byte.\n\n8BEC is 2 bytes (8B EC).\n\nFF7508 is 3 bytes (FF 75 08).\n\nE8C8FFFFFF is 5 bytes (E8 C8 FF FF FF). Wait, no. The E8 is 1 byte, then the offset is 4 bytes. So the entire call instruction is 5 bytes. So combining the previous three instructions (55, 8BEC, FF7508) which is 1+2+3=6 bytes, and then the call instruction (E8 C8 FFFF FF) which is 5 bytes. Wait, but the call instruction is at 0040E7F6. The previous instruction is FF7508 at 0040E7F3. Then the call is at 0040E7F6. So the instructions from 0040E7F0 to 0040E7F6 are:\n\n0040E7F0: 55 (push ebp)\n0040E7F1: 8B EC (mov ebp, esp)\n0040E7F3: FF 75 08 (push dword [ebp+08h])\n0040E7F6: E8 C8 FF FF FF (call)\n\nSo the first three instructions are 55, 8B EC, FF 75 08. Then the call instruction is E8 C8 FF FF FF. So combining these four instructions would be 1+2+3+5= 11 bytes. But the call instruction's offset is four bytes. So the pattern would be 55 8B EC FF 75 08 E8 C8 ?? ?? ?? (but wait, the offset is four bytes, so in the call instruction, the E8 is followed by four bytes. So the call instruction's bytes are E8 C8 FF FF FF. Wait, but the offset is 0x C8FFFFFF, which is a 32-bit value. So the four bytes after E8 are C8 FF FF FF. But in the pattern, those four bytes should be replaced with ?? since they are addresses. So the call instruction would be E8 ?? ?? ?? ?? (but wait, the E8 is the opcode, then four bytes for the offset. So the entire call instruction is 5 bytes. So in the pattern, the E8 is concrete, and the four bytes are ??.\n\nSo the first pattern could be the three previous instructions (55, 8B EC, FF 75 08) plus the call instruction's opcode and the offset. So the pattern would be 55 8B EC FF 75 08 E8 ?? ?? ?? ?? (but that's 1+2+3+4= 10 bytes? Wait, 55 is 1 byte, 8B EC is 2, FF 75 08 is 3, then E8 is 1, followed by four ?? for the offset. So total bytes would be 1+2+3+1+4= 11 bytes. But the pattern length must be between 6-20 bytes. So that's acceptable.\n\nSo the first pattern would be 55 8B EC FF 75 08 E8 ?? ?? ?? ?? (11 bytes). But wait, the call instruction's offset is four bytes. So the E8 is followed by four bytes. So the pattern would be 55 8B EC FF 75 08 E8 ?? ?? ?? ?? (total 1+2+3+1+4= 11 bytes). But the instruction after FF7508 is the call. So the pattern would include the push ebp, mov ebp, esp, push dword [ebp+08h], then the call instruction. So the bytes would be:\n\n55 (push ebp)\n8B EC (mov ebp, esp)\nFF 75 08 (push dword [ebp+08h])\nE8 ?? ?? ?? ?? (call)\n\nSo combining these, the pattern is 55 8B EC FF 75 08 E8 ?? ?? ?? ?? (total 1+2+3+1+4= 11 bytes). That's 11 bytes, which is within the required 6-20 bytes. So that's one pattern.\n\nNow, for the second pattern. Let's look at the call to ExitProcess at 0040E7FF. The instruction before that is FF7508 (push dword [ebp+08h]), and the call is FF15ACB04100. The FF15 is the call instruction, followed by the displacement. The displacement is ACB04100. So the call instruction is FF15 followed by four bytes. So the pattern here would include the push dword [ebp+08h], then the call instruction. So the pattern would be FF 75 08 FF 15 ?? ?? ?? ?? (but wait, the FF 75 08 is the push instruction, then the call instruction is FF 15 followed by four bytes. So combining those, the pattern is FF 75 08 FF 15 ?? ?? ?? ?? (total 3 + 5 = 8 bytes? Wait, the FF 75 08 is three bytes, then FF 15 is one byte, followed by four ?? for the displacement. So total bytes is 3 + 1 + 4 = 8 bytes. That's acceptable.\n\nBut wait, the call instruction is FF15 followed by the displacement. So the pattern would be FF7508 FF15 ?? ?? ?? ?? (but that's 3 bytes for FF7508, then 1 byte FF15, then four ?? for the displacement. Wait, the FF15 is the opcode, and the next four bytes are the displacement. So the pattern would be FF 75 08 FF 15 ?? ?? ?? ?? (total 3 + 1 + 4 = 8 bytes). But that's 8 bytes. That's within the 6-20 range. So that's the second pattern.\n\nThird pattern. Let's look at the call to ExitProcess. The instruction is FF15 AC B0 41 00. The displacement here is AC B0 41 00. But since the exact address might vary, those four bytes should be replaced with ??.\n\nLooking at the surrounding instructions. Before the call, there's a pop ecx (59) and then the push dword [ebp+08h] (FF7508). So maybe take the pop ecx, push dword [ebp+08h], and the call instruction. So the pattern would be 59 FF 75 08 FF 15 ?? ?? ?? ?? (but that's 1 + 3 + 5 = 9 bytes? Wait, 59 is 1 byte, FF 75 08 is 3 bytes, FF15 is 1 byte, then four ?? for the displacement. So total bytes is 1+3+1+4=9 bytes. That's acceptable.\n\nAlternatively, maybe take the previous instruction before the call. The call is at 0040E7FF. The instruction before is FF7508 (push dword [ebp+08h]). So maybe the pattern includes the push, the call, and some surrounding instructions. But I need to make sure each pattern is different.\n\nAlternatively, the first pattern was the push ebp, mov ebp, push dword [ebp+08h], and the call. The second pattern was push dword [ebp+08h], call. The third could be the call instruction plus some surrounding context. For example, the call to ExitProcess is followed by nothing, but maybe the previous instruction is the push dword [ebp+08h], and the call. But perhaps another approach is needed.\n\nAlternatively, looking at the first call (to ___crtCorExitProcess@LIBCMT.LIB) at 0040E7F6. The instruction is E8 C8 FFFF FF. The surrounding instructions are FF7508 (push dword [ebp+08h]) and the call. So maybe the pattern is FF7508 E8 ?? ?? ?? ?? (but that's 3 + 4 = 7 bytes). Wait, FF7508 is three bytes, then E8 followed by four ??, making 3+1+4=8 bytes. That's another pattern. But need to ensure that each pattern is different.\n\nWait, the first pattern was 55 8B EC FF 75 08 E8 ?? ?? ?? ?? (11 bytes). The second pattern could be FF 75 08 FF 15 ?? ?? ?? ?? (8 bytes). The third could be 59 FF 75 08 FF 15 ?? ?? ?? ?? (9 bytes). That would give three different patterns. Let me check:\n\nPattern0: 55 8B EC FF 75 08 E8 ?? ?? ?? ?? (11 bytes)\nPattern1: FF 75 08 FF 15 ?? ?? ?? ?? (8 bytes)\nPattern2: 59 FF 75 08 FF 15 ?? ?? ?? ?? (9 bytes)\n\nBut need to make sure that each pattern is different. The first pattern includes the push ebp, mov ebp, esp, push dword [ebp+08h], and the call to ___crtCorExitProcess. The second is the push dword [ebp+08h], then the call to ExitProcess. The third is the pop ecx, push dword [ebp+08h], then the call to ExitProcess. That seems different enough.\n\nAlternatively, perhaps the third pattern could be the call instruction and the previous push. For example, the call to ExitProcess is FF15 AC B0 41 00. So the pattern could be FF 15 ?? ?? ?? ?? (but that's 5 bytes, but with the previous instruction. Wait, if I take the push dword [ebp+08h] (FF7508) and the call (FF15 ?? ?? ?? ??), that's 3 + 5 = 8 bytes. Which is the same as the second pattern. So need to find another pattern.\n\nAlternatively, the third pattern could be the call instruction and some other surrounding instructions. For example, the call to ExitProcess is preceded by the push dword [ebp+08h] and the call. But maybe another approach is needed.\n\nAlternatively, take the call to ___crtCorExitProcess and some surrounding instructions. For example, the call is E8 C8 FFFF FF. The previous instruction is FF7508. So the pattern could be FF7508 E8 ?? ?? ?? ?? (3 + 4 = 7 bytes). That's another pattern. So:\n\nPattern0: 55 8B EC FF 75 08 E8 ?? ?? ?? ?? (11 bytes)\nPattern1: FF 75 08 FF 15 ?? ?? ?? ?? (8 bytes)\nPattern2: FF 75 08 E8 ?? ?? ?? ?? (7 bytes)\n\nBut that's three different patterns. However, the first pattern includes the push ebp, mov ebp, and push dword [ebp+08h], then the call. The second is push dword [ebp+08h], then call to ExitProcess. The third is push dword [ebp+08h], then call to ___crtCorExitProcess. All different.\n\nBut need to ensure that each pattern is distinct. So yes, these three would be different. So that's acceptable.\n\nSo the three patterns would be:\n\n1. 55 8B EC FF 75 08 E8 ?? ?? ?? ??\n2. FF 75 08 FF 15 ?? ?? ?? ??\n3. FF 75 08 E8 ?? ?? ?? ??\n\nBut need to check the exact byte sequences. Let me re-express:\n\nPattern0: 55 (push ebp), 8B EC (mov ebp, esp), FF 75 08 (push dword [ebp+08h]), E8 ?? ?? ?? ?? (call to ___crtCorExitProcess). So the pattern is 55 8B EC FF 75 08 E8 ?? ?? ?? ?? (total 1+2+3+1+4= 11 bytes).\n\nPattern1: FF 75 08 (push dword [ebp+08h]), FF 15 ?? ?? ?? ?? (call to ExitProcess). So the pattern is FF 75 08 FF 15 ?? ?? ?? ?? (3+5= 8 bytes).\n\nPattern2: FF 75 08 (push dword [ebp+08h]), E8 ?? ?? ?? ?? (call to ___crtCorExitProcess). So the pattern is FF 75 08 E8 ?? ?? ?? ?? (3+4=7 bytes).\n\nYes, these are three different patterns. Now, the user's answer needs to present these three patterns in the required format.\n\nBut let me check if there's any mistake. For example, the first pattern includes the push ebp, mov ebp, esp, push dword [ebp+08h], and then the call. The second pattern is the push dword [ebp+08h] and the call to ExitProcess. The third is the push dword [ebp+08h] and the call to ___crtCorExitProcess. All three are different. So that's acceptable.\n\nThus, the three patterns would be:\n\nPattern 0: 55 8B EC FF 75 08 E8 ?? ?? ?? ??\nPattern 1: FF 75 08 FF 15 ?? ?? ?? ??\nPattern 2: FF 75 08 E8 ?? ?? ?? ??\n\nBut need to check the exact bytes for each. Also, the call to ExitProcess is FF15, while the call to ___crtCorExitProcess is E8. So that's correct.\n\nThus, the final answer would be three patterns, each with the appropriate bytes and ?? for the addresses.\n</think>\n\nTo detect the use of exit functions in a binary, we can look for specific patterns in the assembly instructions that are commonly used for program termination. Below are three distinct patterns that can help identify such functions, particularly in the context of Windows or similar operating systems.\n\n---\n\n### ✅ Pattern 1: `push ebp` → `mov ebp, esp` → `push [ebp+0x08]` → `call [address]`\n\nThis sequence is often used in function prologues and may be followed by a call to an exit function (e.g., `___crtCorExitProcess` from the C runtime library).\n\n**Pattern:**\n```\n55 8B EC FF 75 08 E8 ?? ?? ?? ??\n```\n\n**Explanation:**\n- `55` → `push ebp` (save base pointer)\n- `8B EC` → `mov ebp, esp` (set new base pointer)\n- `FF 75 08` → `push [ebp+0x08]` (push a local variable or parameter)\n- `E8 ?? ?? ?? ??` → `call` to a function at an unknown address (likely an exit function)\n\n---\n\n### ✅ Pattern 2: `push [ebp+0x08]` → `call [address]`\n\nThis is a more direct indicator of an exit call, especially when the `push` is followed by a `call` to an exit function like `ExitProcess` or `ExitThread`.\n\n**Pattern:**\n```\nFF 75 08 FF 15 ?? ?? ?? ??\n```\n\n**Explanation:**\n- `FF 75 08` → `push [ebp+0x08]` (push a local variable or parameter)\n- `FF 15 ?? ?? ?? ??` → `call` to a function at an unknown address (likely `ExitProcess` or similar)\n\n---\n\n### ✅ Pattern 3: `push [ebp+0x08]` → `call [address]` (another exit function)\n\nThis is similar to Pattern 2 but may correspond to a different exit function, such as `___crtCorExitProcess` or another internal function.\n\n**Pattern:**\n```\nFF 75 08 E8 ?? ?? ?? ??\n```\n\n**Explanation:**\n- `FF 75 08` → `push [ebp+0x08]` (push a local variable or parameter)\n- `E8 ?? ?? ?? ??` → `call` to a function at an unknown address (likely an exit function)\n\n---\n\n### 📌 Summary\n\nThese patterns are useful for identifying the use of exit functions in binary analysis. They help distinguish between normal function calls and potential termination points, which is critical for reverse engineering, malware analysis, or debugging. Each pattern captures different stages of the function call chain, providing flexibility in detection.",
      "yara_file": null
    },
    {
      "iteration": 1,
      "prompt_version": "v0",
      "yara_rule": "",
      "pattern_type": "UNKNOWN",
      "confidence": 50,
      "opcodes": "",
      "task_id": null,
      "status": "error",
      "rule_hit": false,
      "baseline_signatures": 0,
      "new_signatures": 0,
      "new_signature_names": [],
      "new_signature_details": [],
      "failure_reason": "Failed to generate YARA rule",
      "improvement_suggestions": [],
      "debugger_log": null,
      "raw_response": "To address the requirement of identifying three distinct patterns in the provided assembly code, we need to ensure each pattern:\n\n- Is at least 6 bytes long.\n- Includes relevant instructions that highlight the program's behavior.\n- Replaces any address-related bytes with `??` to maintain flexibility and avoid hardcoding specific memory locations.\n\n---\n\n### ✅ Final Patterns\n\n1. **Pattern 0: Prologue Instructions**\n   ```assembly\n   8BFF 55 8BEC\n   ```\n   - **Explanation**: These bytes represent the initial setup of the stack and registers, which is typical in function prologues.\n   - **Length**: 6 bytes\n   - **Relevance**: Highlights the function prologue that prepares the stack frame.\n\n2. **Pattern 1: Indirect Call to CRT Exit**\n   ```assembly\n   FF7508 E8 ?? ?? ?? ?? 59\n   ```\n   - **Explanation**: This pattern captures the push operation (`FF7508`) that sets up the stack for the call, the indirect call to CRT exit (`E8 ?? ?? ?? ??`), and the subsequent pop operation (`59`) that restores the register.\n   - **Length**: 10 bytes\n   - **Relevance**: Identifies the indirect call to the CRT exit function, which is a common anti-debugging or anti-virus technique.\n\n3. **Pattern 2: Direct Call to ExitProcess**\n   ```assembly\n   59 FF7508 FF15 ?? ?? ?? ??\n   ```\n   - **Explanation**: This pattern includes the `POP` instruction (`59`), the push that prepares the call stack (`FF7508`), and the direct call to `ExitProcess` (`FF15 ?? ?? ?? ??`), which is a standard Windows API call to terminate the process.\n   - **Length**: 10 bytes\n   - **Relevance**: Identifies the direct call to the `ExitProcess` function, which is used to terminate the current process.\n\n---\n\n### 📌 Summary\n\nThese patterns are carefully constructed to meet the minimum byte length requirement and to capture the essential behaviors of the code. By replacing address-related bytes with `??`, they remain robust against variations in memory layout. Each pattern serves a distinct purpose, enabling precise identification of key behaviors in the code flow.",
      "yara_file": null
    },
    {
      "iteration": 2,
      "prompt_version": "v0",
      "yara_rule": "",
      "pattern_type": "UNKNOWN",
      "confidence": 50,
      "opcodes": "",
      "task_id": null,
      "status": "error",
      "rule_hit": false,
      "baseline_signatures": 0,
      "new_signatures": 0,
      "new_signature_names": [],
      "new_signature_details": [],
      "failure_reason": "Failed to generate YARA rule",
      "improvement_suggestions": [],
      "debugger_log": null,
      "raw_response": "",
      "yara_file": null
    }
  ],
  "best_attempt": null,
  "best_score": 0,
  "optimization_history": [],
  "successful_patterns": [],
  "failed_patterns": []
}