{
  "pipeline": "Simplified Bypass Pipeline with CAPE Validation",
  "timestamp": "2025-12-13T20:04:37.925817",
  "llm_type": "ollama",
  "binary_path": "/home/cape/Downloads/malware_samples/matched_exe/91a94cfcd6fab10920d82645ae166fdd029e651a26bd9cd9036e39ea5afab89b.exe",
  "multi_vm_enabled": true,
  "evolving_enabled": true,
  "max_iterations": 3,
  "min_signature_improvement": 1,
  "pe2_enabled": false,
  "retry_on_error": true,
  "max_retries": 3,
  "use_retry_feedback": true,
  "vm_configs": [
    {
      "name": "cape_vm1",
      "host": "192.168.52.147"
    },
    {
      "name": "cape_vm2",
      "host": "192.168.52.148"
    },
    {
      "name": "cape_vm3",
      "host": "192.168.52.144"
    },
    {
      "name": "cape_vm4",
      "host": "192.168.52.145"
    }
  ],
  "samples_processed": [],
  "evaluations": {},
  "yara_rules_generated": [],
  "baseline_result": {
    "task_id": "1431",
    "signature_names": [
      "antivm_checks_available_memory",
      "dead_connect",
      "queries_keyboard_layout",
      "static_pe_pdbpath",
      "antidebug_setunhandledexceptionfilter",
      "antivm_network_adapters",
      "language_check_registry",
      "antidebug_guardpages",
      "createtoolhelp32snapshot_module_enumeration",
      "packer_entropy",
      "injection_rwx",
      "procmem_yara",
      "static_pe_anomaly"
    ],
    "signature_count": 13
  },
  "cape_validations": [],
  "successful_bypasses": [],
  "comparison": {},
  "evolution_states": {
    "v0": {
      "iterations": 3,
      "best_score": 0,
      "success": false,
      "vm_host": "192.168.52.147"
    },
    "v1": {
      "iterations": 3,
      "best_score": 0,
      "success": false,
      "vm_host": "192.168.52.148"
    },
    "v2": {
      "iterations": 3,
      "best_score": 0,
      "success": false,
      "vm_host": "192.168.52.144"
    },
    "v3": {
      "iterations": 3,
      "best_score": 0,
      "success": false,
      "vm_host": "192.168.52.145"
    }
  },
  "pe2_evolution": {},
  "retry_summaries": {}
}