{
  "pipeline": "Simplified Bypass Pipeline with CAPE Validation",
  "timestamp": "2025-12-13T18:16:39.598485",
  "llm_type": "ollama",
  "binary_path": "/home/cape/Downloads/malware_samples/matched_exe/88fad3262ad6a29dd59a2611e65bd0e4c746083bb22e64b9627373db2249f1aa.exe",
  "multi_vm_enabled": true,
  "evolving_enabled": true,
  "max_iterations": 3,
  "min_signature_improvement": 1,
  "pe2_enabled": false,
  "retry_on_error": true,
  "max_retries": 3,
  "use_retry_feedback": true,
  "vm_configs": [
    {
      "name": "cape_vm1",
      "host": "192.168.52.147"
    },
    {
      "name": "cape_vm2",
      "host": "192.168.52.148"
    },
    {
      "name": "cape_vm3",
      "host": "192.168.52.144"
    },
    {
      "name": "cape_vm4",
      "host": "192.168.52.145"
    }
  ],
  "samples_processed": [],
  "evaluations": {},
  "yara_rules_generated": [],
  "baseline_result": {
    "task_id": "1420",
    "signature_names": [
      "queries_computer_name",
      "static_pe_pdbpath",
      "antidebug_setunhandledexceptionfilter",
      "http_request",
      "packer_entropy",
      "injection_rwx",
      "network_fake_useragent",
      "procmem_yara"
    ],
    "signature_count": 8
  },
  "cape_validations": [],
  "successful_bypasses": [],
  "comparison": {},
  "evolution_states": {
    "v3": {
      "iterations": 0,
      "best_score": 0,
      "success": false,
      "error": "'charmap' codec can't encode character '\\u2192' in position 294: character maps to <undefined>",
      "vm_host": "192.168.52.145"
    },
    "v1": {
      "iterations": 3,
      "best_score": 0,
      "success": false,
      "vm_host": "192.168.52.148"
    },
    "v0": {
      "iterations": 0,
      "best_score": 0,
      "success": false,
      "error": "'charmap' codec can't encode character '\\u2192' in position 315: character maps to <undefined>",
      "vm_host": "192.168.52.147"
    },
    "v2": {
      "iterations": 3,
      "best_score": 0,
      "success": false,
      "vm_host": "192.168.52.144"
    }
  },
  "pe2_evolution": {},
  "retry_summaries": {}
}