{
  "pipeline": "Simplified Bypass Pipeline with CAPE Validation",
  "timestamp": "2025-12-13T20:41:26.772736",
  "llm_type": "ollama",
  "binary_path": "/home/cape/Downloads/malware_samples/matched_exe/91c7bbe56b463a310e1a6452470c0770a5c44a6c1f486ee7080e8c48b868b06b.exe",
  "multi_vm_enabled": true,
  "evolving_enabled": true,
  "max_iterations": 3,
  "min_signature_improvement": 1,
  "pe2_enabled": false,
  "retry_on_error": true,
  "max_retries": 3,
  "use_retry_feedback": true,
  "vm_configs": [
    {
      "name": "cape_vm1",
      "host": "192.168.52.147"
    },
    {
      "name": "cape_vm2",
      "host": "192.168.52.148"
    },
    {
      "name": "cape_vm3",
      "host": "192.168.52.144"
    },
    {
      "name": "cape_vm4",
      "host": "192.168.52.145"
    }
  ],
  "samples_processed": [],
  "evaluations": {},
  "yara_rules_generated": [],
  "baseline_result": {
    "task_id": "1432",
    "signature_names": [
      "packer_entropy",
      "contains_pe_overlay",
      "binary_yara"
    ],
    "signature_count": 3
  },
  "cape_validations": [],
  "successful_bypasses": [],
  "comparison": {},
  "evolution_states": {
    "v3": {
      "iterations": 3,
      "best_score": 0,
      "success": false,
      "vm_host": "192.168.52.145"
    },
    "v0": {
      "iterations": 3,
      "best_score": 0,
      "success": false,
      "vm_host": "192.168.52.147"
    },
    "v1": {
      "iterations": 3,
      "best_score": 0,
      "success": false,
      "vm_host": "192.168.52.148"
    },
    "v2": {
      "iterations": 3,
      "best_score": 0,
      "success": false,
      "vm_host": "192.168.52.144"
    }
  },
  "pe2_evolution": {},
  "retry_summaries": {}
}