{
  "pipeline": "Simplified Bypass Pipeline with CAPE Validation",
  "timestamp": "2025-12-13T15:17:11.345247",
  "llm_type": "ollama",
  "binary_path": "/home/cape/Downloads/malware_samples/matched_exe/a35fe253c0f82283f94c43d4aee2e0c41336edf8e3ca9530efd4f16a31f60cb5.exe",
  "multi_vm_enabled": true,
  "evolving_enabled": true,
  "max_iterations": 3,
  "min_signature_improvement": 1,
  "pe2_enabled": false,
  "retry_on_error": true,
  "max_retries": 3,
  "use_retry_feedback": true,
  "vm_configs": [
    {
      "name": "cape_vm1",
      "host": "192.168.197.146"
    },
    {
      "name": "cape_vm2",
      "host": "192.168.197.147"
    },
    {
      "name": "cape_vm3",
      "host": "192.168.197.148"
    },
    {
      "name": "cape_vm4",
      "host": "192.168.197.141"
    }
  ],
  "samples_processed": [],
  "evaluations": {},
  "yara_rules_generated": [],
  "baseline_result": {
    "task_id": "942",
    "signature_names": [
      "antivm_checks_available_memory",
      "dead_connect",
      "static_pe_pdbpath",
      "antidebug_setunhandledexceptionfilter",
      "language_check_registry",
      "antidebug_guardpages",
      "createtoolhelp32snapshot_module_enumeration",
      "packer_entropy",
      "injection_rwx",
      "procmem_yara"
    ],
    "signature_count": 10
  },
  "cape_validations": [],
  "successful_bypasses": [],
  "comparison": {},
  "evolution_states": {
    "v0": {
      "iterations": 3,
      "best_score": 0,
      "success": false,
      "vm_host": "192.168.197.146"
    },
    "v1": {
      "iterations": 3,
      "best_score": 0,
      "success": false,
      "vm_host": "192.168.197.147"
    },
    "v3": {
      "iterations": 3,
      "best_score": 0,
      "success": false,
      "vm_host": "192.168.197.141"
    },
    "v2": {
      "iterations": 3,
      "best_score": 0,
      "success": false,
      "vm_host": "192.168.197.148"
    }
  },
  "pe2_evolution": {},
  "retry_summaries": {}
}