{
  "pipeline": "Simplified Bypass Pipeline with CAPE Validation",
  "timestamp": "2025-12-11T05:20:18.999365",
  "llm_type": "ollama",
  "binary_path": "D:\\ongoing_project\\agent_mcp_sec_projects\\work_version\\test_12\\matched_exe\\matched_exe\\29881cb13215ee9c2a06a3fb4b99e648075295817a9a8a5dcee3a07ce54589bd.exe",
  "multi_vm_enabled": true,
  "evolving_enabled": true,
  "max_iterations": 3,
  "min_signature_improvement": 1,
  "pe2_enabled": false,
  "retry_on_error": true,
  "max_retries": 3,
  "use_retry_feedback": true,
  "vm_configs": [
    {
      "name": "cape_vm1",
      "host": "192.168.52.147"
    },
    {
      "name": "cape_vm2",
      "host": "192.168.52.148"
    },
    {
      "name": "cape_vm3",
      "host": "192.168.52.144"
    },
    {
      "name": "cape_vm4",
      "host": "192.168.52.145"
    }
  ],
  "samples_processed": [],
  "evaluations": {},
  "yara_rules_generated": [],
  "baseline_result": {
    "task_id": "1205",
    "signature_names": [
      "antivm_checks_available_memory",
      "queries_user_name",
      "dead_connect",
      "static_pe_pdbpath",
      "antidebug_setunhandledexceptionfilter",
      "language_check_registry",
      "antidebug_guardpages",
      "createtoolhelp32snapshot_module_enumeration",
      "packer_entropy",
      "dropper",
      "injection_rwx",
      "antiav_servicestop",
      "persistence_autorun",
      "procmem_yara",
      "deletes_executed_files",
      "disables_windowsupdate"
    ],
    "signature_count": 16
  },
  "cape_validations": [],
  "successful_bypasses": [],
  "comparison": {},
  "evolution_states": {
    "v2": {
      "iterations": 3,
      "best_score": 0,
      "success": false,
      "vm_host": "192.168.52.144"
    },
    "v0": {
      "iterations": 3,
      "best_score": 0,
      "success": false,
      "vm_host": "192.168.52.147"
    },
    "v1": {
      "iterations": 3,
      "best_score": 0,
      "success": false,
      "vm_host": "192.168.52.148"
    },
    "v3": {
      "iterations": 3,
      "best_score": 0,
      "success": false,
      "vm_host": "192.168.52.145"
    }
  },
  "pe2_evolution": {},
  "retry_summaries": {}
}