{
  "pipeline": "Simplified Bypass Pipeline with CAPE Validation",
  "timestamp": "2025-12-13T14:17:21.121844",
  "llm_type": "ollama",
  "binary_path": "/home/cape/Downloads/malware_samples/matched_exe/a2cc7061a035063d8ac5790c38bd123a632d43a1af2514dea36d0c5aaf66d200.exe",
  "multi_vm_enabled": true,
  "evolving_enabled": true,
  "max_iterations": 3,
  "min_signature_improvement": 1,
  "pe2_enabled": false,
  "retry_on_error": true,
  "max_retries": 3,
  "use_retry_feedback": true,
  "vm_configs": [
    {
      "name": "cape_vm1",
      "host": "192.168.197.146"
    },
    {
      "name": "cape_vm2",
      "host": "192.168.197.147"
    },
    {
      "name": "cape_vm3",
      "host": "192.168.197.148"
    },
    {
      "name": "cape_vm4",
      "host": "192.168.197.141"
    }
  ],
  "samples_processed": [],
  "evaluations": {},
  "yara_rules_generated": [],
  "baseline_result": {
    "task_id": "938",
    "signature_names": [
      "antivm_checks_available_memory",
      "queries_computer_name",
      "queries_user_name",
      "queries_keyboard_layout",
      "queries_locale_api",
      "static_pe_pdbpath",
      "antidebug_setunhandledexceptionfilter",
      "stealth_timeout",
      "http_request",
      "resumethread_remote_process",
      "enumerates_running_processes",
      "terminates_remote_process",
      "packer_entropy",
      "injection_rwx",
      "antivm_generic_system",
      "persistence_autorun",
      "stop_ransomware_registry",
      "virus",
      "procmem_yara",
      "ransomware_files",
      "stop_ransom_mutexes",
      "stop_ransomware_cmd",
      "ransomware_stopdjvu",
      "suspicious_command_tools"
    ],
    "signature_count": 24
  },
  "cape_validations": [],
  "successful_bypasses": [],
  "comparison": {},
  "evolution_states": {
    "v0": {
      "iterations": 3,
      "best_score": 0,
      "success": false,
      "vm_host": "192.168.197.146"
    },
    "v2": {
      "iterations": 3,
      "best_score": 0,
      "success": false,
      "vm_host": "192.168.197.148"
    },
    "v3": {
      "iterations": 3,
      "best_score": 0,
      "success": false,
      "vm_host": "192.168.197.141"
    },
    "v1": {
      "iterations": 3,
      "best_score": 0,
      "success": false,
      "vm_host": "192.168.197.147"
    }
  },
  "pe2_evolution": {},
  "retry_summaries": {}
}