{
  "pipeline": "Simplified Bypass Pipeline with CAPE Validation",
  "timestamp": "2025-12-11T16:50:59.654567",
  "llm_type": "ollama",
  "binary_path": "D:\\AisaCCS2026\\executable_files\\a86b45ce304bc537005a6dc78cfa0f694ae2cdf6c35ad3dc2f88fc50aaa2e388.exe",
  "multi_vm_enabled": true,
  "evolving_enabled": true,
  "max_iterations": 3,
  "min_signature_improvement": 1,
  "pe2_enabled": false,
  "retry_on_error": true,
  "max_retries": 3,
  "use_retry_feedback": true,
  "vm_configs": [
    {
      "name": "cape_vm1",
      "host": "192.168.197.146"
    },
    {
      "name": "cape_vm2",
      "host": "192.168.197.147"
    },
    {
      "name": "cape_vm3",
      "host": "192.168.197.148"
    },
    {
      "name": "cape_vm4",
      "host": "192.168.197.141"
    }
  ],
  "samples_processed": [],
  "evaluations": {},
  "yara_rules_generated": [],
  "baseline_result": {
    "task_id": "795",
    "signature_names": [
      "antivm_checks_available_memory",
      "queries_keyboard_layout",
      "queries_locale_api",
      "antidebug_setunhandledexceptionfilter",
      "stealth_timeout",
      "language_check_registry",
      "antidebug_guardpages",
      "mouse_movement_detect",
      "resumethread_remote_process",
      "injection_write_process",
      "reads_memory_remote_process",
      "terminates_remote_process",
      "packer_entropy",
      "injection_rwx",
      "injection_write_exe_process",
      "procmem_yara"
    ],
    "signature_count": 16
  },
  "cape_validations": [],
  "successful_bypasses": [],
  "comparison": {},
  "evolution_states": {
    "v3": {
      "iterations": 3,
      "best_score": 0,
      "success": false,
      "vm_host": "192.168.197.141"
    },
    "v0": {
      "iterations": 3,
      "best_score": 0,
      "success": false,
      "vm_host": "192.168.197.146"
    },
    "v1": {
      "iterations": 3,
      "best_score": 0,
      "success": false,
      "vm_host": "192.168.197.147"
    },
    "v2": {
      "iterations": 3,
      "best_score": 0,
      "success": false,
      "vm_host": "192.168.197.148"
    }
  },
  "pe2_evolution": {},
  "retry_summaries": {}
}